{
    "model_name": "Random Forest Model",
    "training_evaluation_metrics": {
        "classification_metrics": {
            "Accuracy": 1.0,
            "Precision": 1.0,
            "Recall": 1.0,
            "F1 Score": 1.0
        },
        "averages": {
            "macro avg": {
                "precision": 0.9999189233014432,
                "recall": 0.9996657754010696,
                "f1-score": 0.9997922901925593,
                "support": 7662.0
            },
            "weighted avg": {
                "precision": 0.9998695069372745,
                "recall": 0.9998694857739494,
                "f1-score": 0.9998694692473851,
                "support": 7662.0
            }
        },
        "classification_report": {
            "0.0": {
                "precision": 1.0,
                "recall": 0.9993315508021391,
                "f1-score": 0.9996656636576395,
                "support": 1496.0
            },
            "1.0": {
                "precision": 0.9998378466028863,
                "recall": 1.0,
                "f1-score": 0.9999189167274791,
                "support": 6166.0
            }
        },
        "confusion_matrix": {
            "0.0": {
                "TP": 1495,
                "FP": 0,
                "FN": 1,
                "TN": 6166
            },
            "1.0": {
                "TP": 6166,
                "FP": 1,
                "FN": 0,
                "TN": 1495
            }
        },
        "confusion_matrix_normalized": {
            "0.0": {
                "TP": 0.9993315508021391,
                "FP": 0.0,
                "FN": 0.0006684491978609625,
                "TN": 1.0
            },
            "1.0": {
                "TP": 1.0,
                "FP": 0.0006684491978609625,
                "FN": 0.0,
                "TN": 0.9993315508021391
            }
        }
    },
    "test_evaluation_metrics": {
        "classification_metrics": {
            "Accuracy": 0.986,
            "Precision": 0.987,
            "Recall": 0.996,
            "F1 Score": 0.992
        },
        "averages": {
            "macro avg": {
                "precision": 0.9852016264943596,
                "recall": 0.9711752743885453,
                "f1-score": 0.9780009362055413,
                "support": 1916.0
            },
            "weighted avg": {
                "precision": 0.9864013991206373,
                "recall": 0.9864300626304802,
                "f1-score": 0.9863305619812819,
                "support": 1916.0
            }
        },
        "classification_report": {
            "0.0": {
                "precision": 0.9832402234636871,
                "recall": 0.946236559139785,
                "f1-score": 0.9643835616438357,
                "support": 372.0
            },
            "1.0": {
                "precision": 0.9871630295250321,
                "recall": 0.9961139896373057,
                "f1-score": 0.9916183107672469,
                "support": 1544.0
            }
        },
        "confusion_matrix": {
            "0.0": {
                "TP": 352,
                "FP": 6,
                "FN": 20,
                "TN": 1538
            },
            "1.0": {
                "TP": 1538,
                "FP": 20,
                "FN": 6,
                "TN": 352
            }
        },
        "confusion_matrix_normalized": {
            "0.0": {
                "TP": 0.946236559139785,
                "FP": 0.0038860103626943004,
                "FN": 0.053763440860215055,
                "TN": 0.9961139896373057
            },
            "1.0": {
                "TP": 0.9961139896373057,
                "FP": 0.053763440860215055,
                "FN": 0.0038860103626943004,
                "TN": 0.946236559139785
            }
        }
    }
}